id,feature_num,feature_cat,target,timestamp,day_of_week,feature_cat_code,feature_num_scaled
1,54.571,A,1,2024-01-01 00:00:00,0,0,0.5239271117166212
2,34.4,A,1,2024-01-01 00:01:00,0,0,0.2785616971584274
3,61.257,B,0,2024-01-01 00:02:00,0,1,0.6052573958738808
4,64.108,A,1,2024-01-01 00:03:00,0,0,0.6399377189567926
5,20.734,A,0,2024-01-01 00:04:00,0,0,0.112324834565979
6,30.467,C,1,2024-01-01 00:05:00,0,2,0.23071963799143635
7,51.918,C,1,2024-01-01 00:06:00,0,2,0.49165531335149865
8,45.256,B,1,2024-01-01 00:07:00,0,1,0.41061697158427407
9,49.748,A,0,2024-01-01 00:08:00,0,0,0.465258855585831
10,37.204,B,0,2024-01-01 00:09:00,0,1,0.3126702997275205
11,63.191,B,0,2024-01-01 00:10:00,0,1,0.628783086804204
12,61.667,A,1,2024-01-01 00:11:00,0,0,0.6102447450369795
13,50.99,B,1,2024-01-01 00:12:00,0,1,0.4803668742701441
14,66.909,A,0,2024-01-01 00:13:00,0,0,0.6740098287271312
15,57.013,A,1,2024-01-01 00:14:00,0,0,0.5536322499026859
16,37.111,B,1,2024-01-01 00:15:00,0,1,0.31153902296613467
17,55.531,A,0,2024-01-01 00:16:00,0,0,0.5356048073180226
18,35.617,A,0,2024-01-01 00:17:00,0,0,0.2933656091864538
19,63.177,C,1,2024-01-01 00:18:00,0,2,0.6286127870766836
20,49.251,C,1,2024-01-01 00:19:00,0,2,0.45921321525885556
21,47.227,B,0,2024-01-01 00:20:00,0,1,0.4345927403659011
22,39.786,C,1,2024-01-01 00:21:00,0,2,0.34407843518878944
23,68.338,C,1,2024-01-01 00:22:00,0,2,0.6913925652004671
24,47.682,A,1,2024-01-01 00:23:00,0,0,0.44012748151031533
25,43.575,A,1,2024-01-01 00:24:00,0,0,0.3901688400155703
26,44.718,A,1,2024-01-01 00:25:00,0,0,0.40407259634098874
27,57.985,A,0,2024-01-01 00:26:00,0,0,0.5654559166991047
28,55.482,B,0,2024-01-01 00:27:00,0,1,0.535008758271701
29,56.191,A,0,2024-01-01 00:28:00,0,0,0.543633223043986
30,56.462,A,1,2024-01-01 00:29:00,0,0,0.5469297391981316
31,82.125,A,0,2024-01-01 00:30:00,0,0,0.8591013040093421
32,43.904,A,0,2024-01-01 00:31:00,0,0,0.39417088361230057
33,42.316,C,1,2024-01-01 00:32:00,0,2,0.37485402880498253
34,37.793,A,0,2024-01-01 00:33:00,0,0,0.3198350525496302
35,59.24,A,0,2024-01-01 00:34:00,0,0,0.5807220708446866
36,66.935,A,0,2024-01-01 00:35:00,0,0,0.6743260996496692
37,48.291,A,0,2024-01-01 00:36:00,0,0,0.44753551965745425
38,37.398,B,0,2024-01-01 00:37:00,0,1,0.31503016738030365
39,37.633,A,1,2024-01-01 00:38:00,0,0,0.3178887699493967
40,59.759,A,0,2024-01-01 00:39:00,0,0,0.5870353250291942
41,61.149,A,0,2024-01-01 00:40:00,0,0,0.6039436551187233
42,58.147,C,1,2024-01-01 00:41:00,0,2,0.5674265278318412
43,40.017,B,0,2024-01-01 00:42:00,0,1,0.34688838069287664
44,53.482,B,1,2024-01-01 00:43:00,0,1,0.5106802257687816
45,51.75,B,1,2024-01-01 00:44:00,0,1,0.4896117166212534
46,53.28,B,1,2024-01-01 00:45:00,0,1,0.5082230439859868
47,63.071,A,0,2024-01-01 00:46:00,0,0,0.6273233748540288
48,53.354,A,0,2024-01-01 00:47:00,0,0,0.5091231996885948
49,60.184,B,1,2024-01-01 00:48:00,0,1,0.5922051381860646
50,51.014,A,0,2024-01-01 00:49:00,0,0,0.4806588166601791
51,54.337,C,1,2024-01-01 00:50:00,0,2,0.5210806734137797
52,59.469,A,0,2024-01-01 00:51:00,0,0,0.5835076878162709
53,28.143,B,0,2024-01-01 00:52:00,0,1,0.202449883223044
54,45.205,C,1,2024-01-01 00:53:00,0,2,0.4099965940054496
55,42.944,B,1,2024-01-01 00:54:00,0,1,0.3824931880108992
56,40.417,C,1,2024-01-01 00:55:00,0,2,0.3517540871934605
57,45.873,B,1,2024-01-01 00:56:00,0,1,0.41812232386142467
58,72.424,C,0,2024-01-01 00:57:00,0,2,0.7410957571039316
59,37.013,A,1,2024-01-01 00:58:00,0,0,0.31034692487349164
60,64.524,A,1,2024-01-01 00:59:00,0,0,0.6449980537173998
61,24.757,B,0,2024-01-01 01:00:00,0,1,0.16126167769560143
62,44.977,A,0,2024-01-01 01:01:00,0,0,0.4072231413001167
63,52.441,A,1,2024-01-01 01:02:00,0,0,0.4980172246010121
64,58.793,C,0,2024-01-01 01:03:00,0,2,0.5752846438302842
65,60.668,B,1,2024-01-01 01:04:00,0,1,0.5980926430517711
66,61.9,A,0,2024-01-01 01:05:00,0,0,0.6130790190735694
67,44.769,A,0,2024-01-01 01:06:00,0,0,0.4046929739198131
68,43.065,A,0,2024-01-01 01:07:00,0,0,0.3839650642273258
69,62.87,A,0,2024-01-01 01:08:00,0,0,0.6248783573374854
70,47.13,C,1,2024-01-01 01:09:00,0,2,0.4334128065395096
71,30.865,A,1,2024-01-01 01:10:00,0,0,0.2355610159595173
72,33.001,A,1,2024-01-01 01:11:00,0,0,0.2615438886726352
73,36.208,B,1,2024-01-01 01:12:00,0,1,0.30055469054106654
74,57.457,A,0,2024-01-01 01:13:00,0,0,0.559033184118334
75,52.136,A,1,2024-01-01 01:14:00,0,0,0.49430712339431687
76,60.357,B,1,2024-01-01 01:15:00,0,1,0.5943095562475671
77,43.591,B,1,2024-01-01 01:16:00,0,1,0.39036346827559365
78,52.378,C,1,2024-01-01 01:17:00,0,2,0.4972508758271701
79,59.384,B,1,2024-01-01 01:18:00,0,1,0.5824737251848968
80,45.36,A,1,2024-01-01 01:19:00,0,0,0.41188205527442584
81,56.852,B,1,2024-01-01 01:20:00,0,1,0.5516738030362008
82,40.071,C,1,2024-01-01 01:21:00,0,2,0.3475452510704554
83,44.554,B,1,2024-01-01 01:22:00,0,1,0.40207765667574935
84,44.274,C,0,2024-01-01 01:23:00,0,2,0.3986716621253406
85,32.062,B,0,2024-01-01 01:24:00,0,1,0.2501216426625146
86,57.305,C,1,2024-01-01 01:25:00,0,2,0.5571842156481122
87,42.959,A,0,2024-01-01 01:26:00,0,0,0.38267565200467113
88,50.187,B,0,2024-01-01 01:27:00,0,1,0.47059896847022187
89,57.211,A,1,2024-01-01 01:28:00,0,0,0.5560407746204749
90,56.698,B,1,2024-01-01 01:29:00,0,1,0.5498005060334761
91,59.981,B,1,2024-01-01 01:30:00,0,1,0.5897357921370183
92,48.523,C,0,2024-01-01 01:31:00,0,2,0.45035762942779295
93,43.651,C,0,2024-01-01 01:32:00,0,2,0.3910933242506813
94,48.804,A,1,2024-01-01 01:33:00,0,0,0.45377578824445314
95,24.69,B,1,2024-01-01 01:34:00,0,1,0.16044667185675363
96,28.293,B,0,2024-01-01 01:35:00,0,1,0.20427452316076294
97,30.16,A,1,2024-01-01 01:36:00,0,0,0.22698520825223822
98,35.041,A,0,2024-01-01 01:37:00,0,0,0.28635899182561303
99,55.997,A,1,2024-01-01 01:38:00,0,0,0.5412733553912028
100,36.418,B,1,2024-01-01 01:39:00,0,1,0.3031091864538731
101,44.328,A,1,2024-01-01 01:40:00,0,0,0.39932853250291944
102,69.488,C,1,2024-01-01 01:41:00,0,2,0.7053814713896458
103,44.656,A,0,2024-01-01 01:42:00,0,0,0.4033184118333982
104,61.063,C,0,2024-01-01 01:43:00,0,2,0.6028975282210978
105,35.996,A,0,2024-01-01 01:44:00,0,0,0.29797586609575716
106,46.918,B,1,2024-01-01 01:45:00,0,1,0.4308339820942001
107,35.75,A,1,2024-01-01 01:46:00,0,0,0.29498345659789804
108,44.915,B,1,2024-01-01 01:47:00,0,1,0.40646895679252626
109,62.605,C,0,2024-01-01 01:48:00,0,2,0.6216548267808486
110,24.09,C,0,2024-01-01 01:49:00,0,2,0.15314811210587778
111,56.516,C,1,2024-01-01 01:50:00,0,2,0.5475866095757104
112,53.566,A,1,2024-01-01 01:51:00,0,0,0.5117020241339043
113,41.088,A,1,2024-01-01 01:52:00,0,0,0.35991630984818995
114,28.309,A,0,2024-01-01 01:53:00,0,0,0.2044691514207863
115,51.082,A,0,2024-01-01 01:54:00,0,0,0.4814859867652783
116,42.058,B,1,2024-01-01 01:55:00,0,1,0.3717156481121059
117,53.49,B,1,2024-01-01 01:56:00,0,1,0.5107775398987934
118,50.328,B,0,2024-01-01 01:57:00,0,1,0.4723141300116777
119,74.027,C,1,2024-01-01 01:58:00,0,2,0.7605950759050214
120,46.41,B,0,2024-01-01 01:59:00,0,1,0.4246545348384585
121,34.648,C,0,2024-01-01 02:00:00,0,2,0.28157843518878944
122,52.689,A,1,2024-01-01 02:01:00,0,0,0.5010339626313741
123,53.3,A,1,2024-01-01 02:02:00,0,0,0.508466329311016
124,70.388,B,1,2024-01-01 02:03:00,0,1,0.7163293110159596
125,62.527,C,0,2024-01-01 02:04:00,0,2,0.6207060140132348
126,55.353,A,1,2024-01-01 02:05:00,0,0,0.5334395679252628
127,71.95,B,1,2024-01-01 02:06:00,0,1,0.7353298949007396
128,32.169,B,1,2024-01-01 02:07:00,0,1,0.25142321915142074
129,40.404,A,0,2024-01-01 02:08:00,0,0,0.35159595173219155
130,36.101,A,1,2024-01-01 02:09:00,0,0,0.2992531140521604
131,44.153,C,1,2024-01-01 02:10:00,0,2,0.39719978590891397
132,29.35,B,1,2024-01-01 02:11:00,0,1,0.2171321525885559
133,59.527,A,0,2024-01-01 02:12:00,0,0,0.5842132152588556
134,46.667,C,1,2024-01-01 02:13:00,0,2,0.4277807512650837
135,27.938,A,0,2024-01-01 02:14:00,0,0,0.19995620864149474
136,34.766,C,0,2024-01-01 02:15:00,0,2,0.28301381860646163
137,54.703,A,1,2024-01-01 02:16:00,0,0,0.525532794861814
138,62.572,B,0,2024-01-01 02:17:00,0,1,0.6212534059945505
139,79.951,A,1,2024-01-01 02:18:00,0,0,0.8326561891786687
140,93.708,A,0,2024-01-01 02:19:00,0,0,1.0
141,56.216,C,1,2024-01-01 02:20:00,0,2,0.5439373297002725
142,35.157,A,1,2024-01-01 02:21:00,0,0,0.2877700467107824
143,18.019,A,1,2024-01-01 02:22:00,0,0,0.07929885169326584
144,54.016,A,0,2024-01-01 02:23:00,0,0,0.5171759439470611
145,37.806,B,0,2024-01-01 02:24:00,0,1,0.31999318801089915
146,43.77,C,0,2024-01-01 02:25:00,0,2,0.39254087193460496
147,40.819,C,0,2024-01-01 02:26:00,0,2,0.35664412222654734
148,47.888,A,1,2024-01-01 02:27:00,0,0,0.442633320358116
149,65.99,A,0,2024-01-01 02:28:00,0,0,0.6628308680420396
150,52.356,A,0,2024-01-01 02:29:00,0,0,0.49698326196963805
151,47.62,B,0,2024-01-01 02:30:00,0,1,0.43937329700272476
152,34.465,C,0,2024-01-01 02:31:00,0,2,0.27935237446477235
153,24.88,B,1,2024-01-01 02:32:00,0,1,0.16275788244453093
154,42.705,B,1,2024-01-01 02:33:00,0,1,0.3795859283768003
155,49.193,A,0,2024-01-01 02:34:00,0,0,0.4585076878162709
156,76.519,C,1,2024-01-01 02:35:00,0,2,0.7909084274036591
157,51.954,A,1,2024-01-01 02:36:00,0,0,0.4920932269365512
158,64.741,A,0,2024-01-01 02:37:00,0,0,0.6476376994939665
159,42.511,A,0,2024-01-01 02:38:00,0,0,0.37722606072401715
160,32.226,A,0,2024-01-01 02:39:00,0,0,0.25211658232775397
161,35.523,A,0,2024-01-01 02:40:00,0,0,0.2922221681588167
162,39.122,A,0,2024-01-01 02:41:00,0,0,0.3360013623978202
163,81.927,A,0,2024-01-01 02:42:00,0,0,0.8566927792915532
164,37.679,B,1,2024-01-01 02:43:00,0,1,0.31844832619696384
165,62.577,A,0,2024-01-01 02:44:00,0,0,0.6213142273258077
166,36.456,A,1,2024-01-01 02:45:00,0,0,0.3035714285714286
167,63.974,C,0,2024-01-01 02:46:00,0,2,0.6383077072790969
168,55.774,B,0,2024-01-01 02:47:00,0,1,0.5385607240171273
169,47.65,B,1,2024-01-01 02:48:00,0,1,0.4397382249902686
170,49.389,A,1,2024-01-01 02:49:00,0,0,0.46089188400155706
171,40.178,C,1,2024-01-01 02:50:00,0,2,0.3488468275593616
172,56.691,A,0,2024-01-01 02:51:00,0,0,0.5497153561697159
173,43.175,A,0,2024-01-01 02:52:00,0,0,0.38530313351498635
174,31.616,C,0,2024-01-01 02:53:00,0,2,0.24469637991436358
175,30.831,B,0,2024-01-01 02:54:00,0,1,0.23514743090696769
176,52.589,B,1,2024-01-01 02:55:00,0,1,0.4998175360062281
177,73.686,B,0,2024-01-01 02:56:00,0,1,0.7564470611132738
178,52.4,B,0,2024-01-01 02:57:00,0,1,0.4975184896847022
179,48.22,A,1,2024-01-01 02:58:00,0,0,0.4466718567536006
180,54.287,A,0,2024-01-01 02:59:00,0,0,0.5204724601012067
181,69.59,A,0,2024-01-01 03:00:00,0,0,0.7066222265472947
182,53.291,A,0,2024-01-01 03:01:00,0,0,0.5083568509147528
183,43.836,C,0,2024-01-01 03:02:00,0,2,0.3933437135072012
184,66.594,A,1,2024-01-01 03:03:00,0,0,0.6701780848579213
185,56.431,B,1,2024-01-01 03:04:00,0,1,0.5465526469443363
186,73.036,B,1,2024-01-01 03:05:00,0,1,0.7485402880498249
187,52.749,B,0,2024-01-01 03:06:00,0,1,0.5017638186064617
188,31.633,A,1,2024-01-01 03:07:00,0,0,0.24490317244063836
189,29.478,A,1,2024-01-01 03:08:00,0,0,0.2186891786687427
190,74.764,C,0,2024-01-01 03:09:00,0,2,0.7695601401323472
191,75.855,B,1,2024-01-01 03:10:00,0,1,0.7828313546126898
192,47.307,C,0,2024-01-01 03:11:00,0,2,0.43556588166601795
193,44.252,C,1,2024-01-01 03:12:00,0,2,0.3984040482678085
194,71.922,B,1,2024-01-01 03:13:00,0,1,0.7349892954456987
195,33.394,A,0,2024-01-01 03:14:00,0,0,0.2663244453094589
196,36.579,B,0,2024-01-01 03:15:00,0,1,0.30506763332035813
197,59.65,A,0,2024-01-01 03:16:00,0,0,0.5857094200077851
198,44.081,B,1,2024-01-01 03:17:00,0,1,0.39632395873880893
199,49.923,C,0,2024-01-01 03:18:00,0,2,0.46738760217983655
200,47.548,B,1,2024-01-01 03:19:00,0,1,0.4384974698326197
201,55.064,A,0,2024-01-01 03:20:00,0,0,0.5299240949785909
202,71.112,A,0,2024-01-01 03:21:00,0,0,0.7251362397820162
203,51.359,C,1,2024-01-01 03:22:00,0,2,0.48485548851693266
204,59.659,A,1,2024-01-01 03:23:00,0,0,0.5858188984040482
205,19.247,A,1,2024-01-01 03:24:00,0,0,0.09423657065005839
206,49.269,A,0,2024-01-01 03:25:00,0,0,0.45943217205138187
207,37.352,A,0,2024-01-01 03:26:00,0,0,0.31447061113273644
208,31.718,A,0,2024-01-01 03:27:00,0,0,0.24593713507201245
209,36.828,B,1,2024-01-01 03:28:00,0,1,0.30809653561697165
210,44.988,A,1,2024-01-01 03:29:00,0,0,0.40735694822888285
211,63.739,A,0,2024-01-01 03:30:00,0,0,0.6354491047100038
212,30.104,A,1,2024-01-01 03:31:00,0,0,0.22630400934215647
213,50.459,A,0,2024-01-01 03:32:00,0,0,0.473907648890619
214,42.737,A,1,2024-01-01 03:33:00,0,0,0.37997518489684706
215,45.085,B,1,2024-01-01 03:34:00,0,1,0.40853688205527444
216,65.041,A,1,2024-01-01 03:35:00,0,0,0.6512869793694044
217,58.072,A,0,2024-01-01 03:36:00,0,0,0.5665142078629818
218,70.061,A,1,2024-01-01 03:37:00,0,0,0.7123515959517323
219,47.682,A,0,2024-01-01 03:38:00,0,0,0.44012748151031533
220,39.561,A,1,2024-01-01 03:39:00,0,0,0.341341475282211
221,46.642,A,0,2024-01-01 03:40:00,0,0,0.42747664460879725
222,53.637,C,1,2024-01-01 03:41:00,0,2,0.5125656870377578
223,52.649,A,0,2024-01-01 03:42:00,0,0,0.5005473919813157
224,33.734,B,0,2024-01-01 03:43:00,0,1,0.2704602958349553
225,51.357,A,1,2024-01-01 03:44:00,0,0,0.4848311599844297
226,53.423,A,1,2024-01-01 03:45:00,0,0,0.5099625340599455
227,87.762,A,0,2024-01-01 03:46:00,0,0,0.9276712728688206
228,78.153,B,1,2024-01-01 03:47:00,0,1,0.8107848384585443
229,37.201,C,0,2024-01-01 03:48:00,0,2,0.3126338069287661
230,45.689,A,0,2024-01-01 03:49:00,0,0,0.4158840988711561
231,28.048,A,0,2024-01-01 03:50:00,0,0,0.2012942779291553
232,41.139,A,0,2024-01-01 03:51:00,0,0,0.36053668742701445
233,54.734,A,0,2024-01-01 03:52:00,0,0,0.5259098871156093
234,68.088,B,0,2024-01-01 03:53:00,0,1,0.6883514986376021
235,39.064,A,0,2024-01-01 03:54:00,0,0,0.3352958349552355
236,40.188,A,0,2024-01-01 03:55:00,0,0,0.34896847022187627
237,17.791,C,0,2024-01-01 03:56:00,0,2,0.07652539898793305
238,47.56,A,1,2024-01-01 03:57:00,0,0,0.43864344102763725
239,34.064,A,1,2024-01-01 03:58:00,0,0,0.27447450369793697
240,42.058,B,0,2024-01-01 03:59:00,0,1,0.3717156481121059
241,36.847,A,0,2024-01-01 04:00:00,0,0,0.30832765667574935
242,48.586,A,1,2024-01-01 04:01:00,0,0,0.45112397820163486
243,23.634,A,1,2024-01-01 04:02:00,0,0,0.14760120669521215
244,27.994,C,1,2024-01-01 04:03:00,0,2,0.2006374075515765
245,81.939,A,1,2024-01-01 04:04:00,0,0,0.8568387504865705
246,30.689,A,1,2024-01-01 04:05:00,0,0,0.23342010509926042
247,33.548,A,1,2024-01-01 04:06:00,0,0,0.26819774231218374
248,77.554,A,0,2024-01-01 04:07:00,0,0,0.8034984429739198
249,93.576,B,0,2024-01-01 04:08:00,0,1,0.9983943168548073
250,32.427,A,0,2024-01-01 04:09:00,0,0,0.2545615998442974
251,44.476,B,0,2024-01-01 04:10:00,0,1,0.40112884390813547
252,55.123,B,1,2024-01-01 04:11:00,0,1,0.530641786687427
253,75.93,C,1,2024-01-01 04:12:00,0,2,0.7837436745815494
254,35.197,A,1,2024-01-01 04:13:00,0,0,0.28825661736084085
255,46.321,C,0,2024-01-01 04:14:00,0,2,0.4235719151420786
256,61.66,B,0,2024-01-01 04:15:00,0,1,0.6101595951732192
257,56.521,A,0,2024-01-01 04:16:00,0,0,0.5476474309069677
258,44.358,B,1,2024-01-01 04:17:00,0,1,0.39969346049046317
259,47.993,C,0,2024-01-01 04:18:00,0,2,0.4439105683145193
260,29.377,A,0,2024-01-01 04:19:00,0,0,0.21746058777734525
261,46.427,C,1,2024-01-01 04:20:00,0,2,0.42486132736473337
262,46.004,A,1,2024-01-01 04:21:00,0,0,0.4197158427403659
263,53.483,B,1,2024-01-01 04:22:00,0,1,0.5106923900350331
264,41.67,C,0,2024-01-01 04:23:00,0,2,0.36699591280653954
265,57.073,A,0,2024-01-01 04:24:00,0,0,0.5543621058777735
266,65.191,C,0,2024-01-01 04:25:00,0,2,0.6531116193071235
267,52.331,A,0,2024-01-01 04:26:00,0,0,0.49667915531335155
268,55.276,B,1,2024-01-01 04:27:00,0,1,0.5325029194239004
269,50.797,B,0,2024-01-01 04:28:00,0,1,0.4780191708836123
270,50.001,A,0,2024-01-01 04:29:00,0,0,0.4683364149474504
271,39.177,A,1,2024-01-01 04:30:00,0,0,0.33667039704165047
272,54.747,A,0,2024-01-01 04:31:00,0,0,0.5260680225768781
273,48.541,A,0,2024-01-01 04:32:00,0,0,0.45057658622031915
274,81.398,A,0,2024-01-01 04:33:00,0,0,0.8502578824445309
275,73.6,A,0,2024-01-01 04:34:00,0,0,0.755400934215648
276,55.788,A,0,2024-01-01 04:35:00,0,0,0.5387310237446477
277,38.554,A,1,2024-01-01 04:36:00,0,0,0.3290920591669911
278,33.314,B,1,2024-01-01 04:37:00,0,1,0.26535130400934215
279,67.867,B,0,2024-01-01 04:38:00,0,1,0.6856631957960296
280,53.941,B,0,2024-01-01 04:39:00,0,1,0.5162636239782017
281,57.202,A,0,2024-01-01 04:40:00,0,0,0.5559312962242118
282,23.831,C,1,2024-01-01 04:41:00,0,2,0.1499975671467497
283,63.912,B,1,2024-01-01 04:42:00,0,1,0.6375535227715065
284,56.816,A,1,2024-01-01 04:43:00,0,0,0.5512358894511483
285,33.344,A,0,2024-01-01 04:44:00,0,0,0.265716231996886
286,42.927,B,0,2024-01-01 04:45:00,0,1,0.3822863954846244
287,53.956,A,0,2024-01-01 04:46:00,0,0,0.5164460879719736
288,50.787,B,0,2024-01-01 04:47:00,0,1,0.4778975282210977
289,45.617,C,0,2024-01-01 04:48:00,0,2,0.415008271701051
290,48.448,A,1,2024-01-01 04:49:00,0,0,0.44944530945893346
291,46.22,A,0,2024-01-01 04:50:00,0,0,0.4223433242506812
292,52.288,C,1,2024-01-01 04:51:00,0,2,0.4961560918645387
293,72.072,B,1,2024-01-01 04:52:00,0,1,0.7368139353834178
294,11.5,A,1,2024-01-01 04:53:00,0,0,0.0
295,46.447,C,0,2024-01-01 04:54:00,0,2,0.4251046126897626
296,52.648,C,1,2024-01-01 04:55:00,0,2,0.5005352277150643
297,54.44,B,0,2024-01-01 04:56:00,0,1,0.52233359283768
298,44.421,B,0,2024-01-01 04:57:00,0,1,0.4004598092643052
299,23.649,A,0,2024-01-01 04:58:00,0,0,0.14778367068898404
300,54.92,A,0,2024-01-01 04:59:00,0,0,0.5281724406383808
301,75.91,B,1,2024-01-01 05:00:00,0,1,0.78350038925652
302,26.992,A,1,2024-01-01 05:01:00,0,0,0.18844881276761388
303,62.957,B,1,2024-01-01 05:02:00,0,1,0.6259366485013624
304,45.072,C,0,2024-01-01 05:03:00,0,2,0.40837874659400547
305,49.08,A,0,2024-01-01 05:04:00,0,0,0.457133125729856
306,34.207,B,1,2024-01-01 05:05:00,0,1,0.2762139937718957
307,44.983,A,0,2024-01-01 05:06:00,0,0,0.4072961268976255
308,69.501,C,1,2024-01-01 05:07:00,0,2,0.7055396068509149
309,58.74,A,1,2024-01-01 05:08:00,0,0,0.5746399377189568
310,75.985,B,1,2024-01-01 05:09:00,0,1,0.7844127092253795
311,67.661,B,1,2024-01-01 05:10:00,0,1,0.6831573569482289
312,56.586,A,0,2024-01-01 05:11:00,0,0,0.5484381082133125
313,76.159,B,0,2024-01-01 05:12:00,0,1,0.7865292915531336
314,56.585,B,0,2024-01-01 05:13:00,0,1,0.5484259439470611
315,62.42,B,0,2024-01-01 05:14:00,0,1,0.6194044375243286
316,45.551,B,0,2024-01-01 05:15:00,0,1,0.4142054301284547
317,50.998,C,1,2024-01-01 05:16:00,0,2,0.4804641884001557
318,39.539,A,0,2024-01-01 05:17:00,0,0,0.3410738614246789
319,64.844,B,1,2024-01-01 05:18:00,0,1,0.6488906189178668
320,32.325,A,1,2024-01-01 05:19:00,0,0,0.25332084468664856
321,61.735,B,1,2024-01-01 05:20:00,0,1,0.6110719151420786
322,47.14,B,0,2024-01-01 05:21:00,0,1,0.43353444920202416
323,67.569,A,1,2024-01-01 05:22:00,0,0,0.6820382444530947
324,61.263,A,0,2024-01-01 05:23:00,0,0,0.6053303814713896
325,77.31,C,0,2024-01-01 05:24:00,0,2,0.8005303620085636
326,60.962,A,0,2024-01-01 05:25:00,0,0,0.6016689373297003
327,26.419,B,0,2024-01-01 05:26:00,0,1,0.18147868820552746
328,48.996,A,0,2024-01-01 05:27:00,0,0,0.4561113273647334
329,32.42,C,0,2024-01-01 05:28:00,0,2,0.2544764499805372
330,42.226,A,1,2024-01-01 05:29:00,0,0,0.3737592448423511
331,72.668,A,0,2024-01-01 05:30:00,0,0,0.7440638380692878
332,59.563,C,0,2024-01-01 05:31:00,0,2,0.5846511288439081
333,39.516,C,1,2024-01-01 05:32:00,0,2,0.3407940833008953
334,34.794,A,1,2024-01-01 05:33:00,0,0,0.2833544180615025
335,50.492,A,1,2024-01-01 05:34:00,0,0,0.47430906967691705
336,31.752,B,0,2024-01-01 05:35:00,0,1,0.24635072012456208
337,39.933,C,1,2024-01-01 05:36:00,0,2,0.34586658232775397
338,54.68,A,1,2024-01-01 05:37:00,0,0,0.5252530167380304
339,67.33,B,0,2024-01-01 05:38:00,0,1,0.6791309848189957
340,59.131,B,0,2024-01-01 05:39:00,0,1,0.5793961658232776
341,15.631,B,1,2024-01-01 05:40:00,0,1,0.05025058388478008
342,54.566,B,0,2024-01-01 05:41:00,0,1,0.523866290385364
343,51.081,B,0,2024-01-01 05:42:00,0,1,0.4814738224990269
344,56.208,A,1,2024-01-01 05:43:00,0,0,0.5438400155702608
345,74.243,C,1,2024-01-01 05:44:00,0,2,0.7632225574153366
346,19.051,C,1,2024-01-01 05:45:00,0,2,0.09185237446477226
347,41.133,B,1,2024-01-01 05:46:00,0,1,0.36046370182950566
348,58.864,A,1,2024-01-01 05:47:00,0,0,0.5761483067341377
349,26.276,A,0,2024-01-01 05:48:00,0,0,0.17973919813156872
350,72.139,B,0,2024-01-01 05:49:00,0,1,0.7376289412222654
351,55.525,A,1,2024-01-01 05:50:00,0,0,0.5355318217205138
352,62.699,C,0,2024-01-01 05:51:00,0,2,0.6227982678084858
353,41.436,A,0,2024-01-01 05:52:00,0,0,0.36414947450369795
354,62.206,B,1,2024-01-01 05:53:00,0,1,0.6168012845465162
355,66.027,C,1,2024-01-01 05:54:00,0,2,0.6632809458933437
356,53.493,A,0,2024-01-01 05:55:00,0,0,0.5108140326975478
357,53.516,A,0,2024-01-01 05:56:00,0,0,0.5110938108213312
358,54.055,B,1,2024-01-01 05:57:00,0,1,0.517650350330868
359,37.05,B,0,2024-01-01 05:58:00,0,1,0.3107970027247956
360,47.787,A,1,2024-01-01 05:59:00,0,0,0.44140472946671855
361,47.712,B,1,2024-01-01 06:00:00,0,1,0.4404924094978591
362,55.751,C,1,2024-01-01 06:01:00,0,2,0.5382809458933437
363,64.997,A,0,2024-01-01 06:02:00,0,0,0.6507517516543402
364,34.122,A,1,2024-01-01 06:03:00,0,0,0.2751800311405216
365,48.125,A,0,2024-01-01 06:04:00,0,0,0.44551625145971196
366,72.222,A,1,2024-01-01 06:05:00,0,0,0.7386385753211365
367,38.846,A,0,2024-01-01 06:06:00,0,0,0.33264402491241724
368,37.666,A,0,2024-01-01 06:07:00,0,0,0.3182901907356948
369,53.035,B,1,2024-01-01 06:08:00,0,1,0.505242798754379
370,62.666,A,0,2024-01-01 06:09:00,0,0,0.6223968470221876
371,50.171,C,1,2024-01-01 06:10:00,0,2,0.4704043402101985
372,69.934,A,1,2024-01-01 06:11:00,0,0,0.7108067341377968
373,62.852,A,0,2024-01-01 06:12:00,0,0,0.624659400544959
374,62.627,B,0,2024-01-01 06:13:00,0,1,0.6219224406383808
375,58.312,C,1,2024-01-01 06:14:00,0,2,0.5694336317633321
376,84.915,A,0,2024-01-01 06:15:00,0,0,0.8930396068509149
377,46.923,A,0,2024-01-01 06:16:00,0,0,0.4308948034254574
378,19.947,A,0,2024-01-01 06:17:00,0,0,0.10275155702608017
379,74.064,B,0,2024-01-01 06:18:00,0,1,0.7610451537563253
380,43.135,A,1,2024-01-01 06:19:00,0,0,0.384816562864928
381,51.618,A,0,2024-01-01 06:20:00,0,0,0.48800603347606075
382,69.643,A,1,2024-01-01 06:21:00,0,0,0.7072669326586221
383,25.966,A,0,2024-01-01 06:22:00,0,0,0.17596827559361622
384,31.225,C,1,2024-01-01 06:23:00,0,2,0.23994015181004283
385,25.981,B,0,2024-01-01 06:24:00,0,1,0.1761507395873881
386,38.088,A,0,2024-01-01 06:25:00,0,0,0.32342351109381084
387,56.595,A,1,2024-01-01 06:26:00,0,0,0.5485475866095757
388,57.863,A,0,2024-01-01 06:27:00,0,0,0.5639718762164266
389,54.144,A,0,2024-01-01 06:28:00,0,0,0.5187329700272479
390,28.809,B,1,2024-01-01 06:29:00,0,1,0.21055128454651617
391,15.348,C,0,2024-01-01 06:30:00,0,2,0.04680809653561698
392,50.815,C,0,2024-01-01 06:31:00,0,2,0.47823812767613855
393,42.923,C,0,2024-01-01 06:32:00,0,2,0.38223773841961856
394,56.891,C,1,2024-01-01 06:33:00,0,2,0.5521482094200078
395,60.529,C,1,2024-01-01 06:34:00,0,2,0.5964018100428182
396,52.074,A,1,2024-01-01 06:35:00,0,0,0.49355293888672636
397,61.402,A,1,2024-01-01 06:36:00,0,0,0.6070212144803425
398,53.438,A,0,2024-01-01 06:37:00,0,0,0.5101449980537175
399,57.951,B,0,2024-01-01 06:38:00,0,1,0.5650423316465552
400,39.43,A,0,2024-01-01 06:39:00,0,0,0.33974795640326977
401,47.306,C,0,2024-01-01 06:40:00,0,2,0.43555371739976645
402,52.952,B,0,2024-01-01 06:41:00,0,1,0.5042331646555079
403,62.308,B,1,2024-01-01 06:42:00,0,1,0.618042039704165
404,44.094,A,1,2024-01-01 06:43:00,0,0,0.39648209420007785
405,57.818,A,1,2024-01-01 06:44:00,0,0,0.5634244842351109
406,46.012,A,1,2024-01-01 06:45:00,0,0,0.41981315687037757
407,48.237,C,1,2024-01-01 06:46:00,0,2,0.4468786492798755
408,62.443,B,0,2024-01-01 06:47:00,0,1,0.619684215648112
409,20.104,B,1,2024-01-01 06:48:00,0,1,0.10466134682755936
410,30.553,A,1,2024-01-01 06:49:00,0,0,0.2317657648890619
411,27.767,A,0,2024-01-01 06:50:00,0,0,0.19787611911249514
412,14.996,A,0,2024-01-01 06:51:00,0,0,0.04252627481510316
413,39.826,B,1,2024-01-01 06:52:00,0,1,0.3445650058388478
414,61.242,B,0,2024-01-01 06:53:00,0,1,0.605074931880109
415,45.727,A,1,2024-01-01 06:54:00,0,0,0.41634634098871154
416,52.967,C,1,2024-01-01 06:55:00,0,2,0.5044156286492799
417,66.338,A,0,2024-01-01 06:56:00,0,0,0.6670640326975477
418,69.915,C,0,2024-01-01 06:57:00,0,2,0.7105756130790192
419,48.963,A,0,2024-01-01 06:58:00,0,0,0.4557099065784352
420,70.304,A,0,2024-01-01 06:59:00,0,0,0.7153075126508369
421,51.382,C,0,2024-01-01 07:00:00,0,2,0.4851352666407162
422,37.439,A,1,2024-01-01 07:01:00,0,0,0.31552890229661346
423,41.084,A,0,2024-01-01 07:02:00,0,0,0.35986765278318417
424,27.792,A,0,2024-01-01 07:03:00,0,0,0.19818022576878164
425,36.678,A,0,2024-01-01 07:04:00,0,0,0.3062718956792526
426,44.63,B,1,2024-01-01 07:05:00,0,1,0.4030021409108603
427,62.054,C,0,2024-01-01 07:06:00,0,2,0.6149523160762943
428,75.812,C,0,2024-01-01 07:07:00,0,2,0.782308291163877
429,29.267,A,1,2024-01-01 07:08:00,0,0,0.2161225184896847
430,55.892,B,0,2024-01-01 07:09:00,0,1,0.5399961074347995
431,34.392,A,0,2024-01-01 07:10:00,0,0,0.27846438302841575
432,57.12,A,0,2024-01-01 07:11:00,0,0,0.554933826391592
433,48.034,A,0,2024-01-01 07:12:00,0,0,0.4444093032308291
434,22.536,C,0,2024-01-01 07:13:00,0,2,0.1342448423511094
435,63.924,C,1,2024-01-01 07:14:00,0,2,0.6376994939665239
436,40.925,B,0,2024-01-01 07:15:00,0,1,0.357933534449202
437,41.991,B,0,2024-01-01 07:16:00,0,1,0.3709006422732581
438,33.954,A,0,2024-01-01 07:17:00,0,0,0.2731364344102764
439,40.186,B,1,2024-01-01 07:18:00,0,1,0.3489441416893733
440,56.418,B,1,2024-01-01 07:19:00,0,1,0.5463945114830674
441,47.161,A,0,2024-01-01 07:20:00,0,0,0.4337898987933048
442,54.93,A,0,2024-01-01 07:21:00,0,0,0.5282940833008953
443,55.429,A,0,2024-01-01 07:22:00,0,0,0.5343640521603737
444,69.81,C,0,2024-01-01 07:23:00,0,2,0.7092983651226158
445,44.858,A,0,2024-01-01 07:24:00,0,0,0.40577559361619303
446,27.847,C,0,2024-01-01 07:25:00,0,2,0.19884926041261194
447,66.008,A,1,2024-01-01 07:26:00,0,0,0.663049824834566
448,45.028,B,0,2024-01-01 07:27:00,0,1,0.4078435188789412
449,66.719,A,0,2024-01-01 07:28:00,0,0,0.6716986181393537
450,55.751,A,0,2024-01-01 07:29:00,0,0,0.5382809458933437
451,48.033,A,1,2024-01-01 07:30:00,0,0,0.44439713896457766
452,55.232,A,1,2024-01-01 07:31:00,0,0,0.5319676917088362
453,79.265,C,0,2024-01-01 07:32:00,0,2,0.8243115025301674
454,81.155,A,0,2024-01-01 07:33:00,0,0,0.8473019657454263
455,51.041,B,1,2024-01-01 07:34:00,0,1,0.48098725184896846
456,52.403,A,1,2024-01-01 07:35:00,0,0,0.4975549824834566
457,66.144,A,0,2024-01-01 07:36:00,0,0,0.6647041650447646
458,37.315,B,1,2024-01-01 07:37:00,0,1,0.3140205332814324
459,54.996,A,1,2024-01-01 07:38:00,0,0,0.5290969248734917
460,49.612,C,0,2024-01-01 07:39:00,0,2,0.4636045153756326
461,54.709,C,1,2024-01-01 07:40:00,0,2,0.5256057804593227
462,37.499,B,0,2024-01-01 07:41:00,0,1,0.3162587582717011
463,26.156,A,0,2024-01-01 07:42:00,0,0,0.17827948618139353
464,18.905,A,0,2024-01-01 07:43:00,0,0,0.09007639159205919
465,33.239,C,0,2024-01-01 07:44:00,0,2,0.26443898404048266
466,43.12,A,1,2024-01-01 07:45:00,0,0,0.38463409887115607
467,45.602,A,0,2024-01-01 07:46:00,0,0,0.41482580770727906
468,79.058,A,0,2024-01-01 07:47:00,0,0,0.8217934994161153
469,66.59,B,0,2024-01-01 07:48:00,0,1,0.6701294277929156
470,35.569,B,1,2024-01-01 07:49:00,0,1,0.29278172440638384
471,55.216,B,1,2024-01-01 07:50:00,0,1,0.5317730634488128
472,43.894,B,1,2024-01-01 07:51:00,0,1,0.3940492409497859
473,45.735,A,0,2024-01-01 07:52:00,0,0,0.4164436551187232
474,52.78,C,1,2024-01-01 07:53:00,0,2,0.5021409108602569
475,59.288,A,1,2024-01-01 07:54:00,0,0,0.5813059556247567
476,44.911,B,1,2024-01-01 07:55:00,0,1,0.4064202997275205
477,65.958,A,0,2024-01-01 07:56:00,0,0,0.662441611521993
478,32.871,C,1,2024-01-01 07:57:00,0,2,0.2599625340599455
479,50.095,A,0,2024-01-01 07:58:00,0,0,0.46947985597508757
480,88.965,A,0,2024-01-01 07:59:00,0,0,0.9423048851693266
481,53.346,A,0,2024-01-01 08:00:00,0,0,0.5090258855585831
482,71.498,A,0,2024-01-01 08:01:00,0,0,0.7298316465550798
483,51.373,A,0,2024-01-01 08:02:00,0,0,0.4850257882444531
484,58.712,B,0,2024-01-01 08:03:00,0,1,0.574299338263916
485,49.148,A,0,2024-01-01 08:04:00,0,0,0.4579602958349553
486,47.444,C,1,2024-01-01 08:05:00,0,2,0.4372323861424679
487,38.308,A,0,2024-01-01 08:06:00,0,0,0.32609964966913196
488,56.455,B,1,2024-01-01 08:07:00,0,1,0.5468445893343713
489,37.227,A,1,2024-01-01 08:08:00,0,0,0.31295007785130396
490,59.984,B,1,2024-01-01 08:09:00,0,1,0.5897722849357727
491,66.279,B,1,2024-01-01 08:10:00,0,1,0.6663463409887115
492,55.498,A,0,2024-01-01 08:11:00,0,0,0.5352033865317244
493,45.706,C,1,2024-01-01 08:12:00,0,2,0.41609089139743094
494,56.809,A,1,2024-01-01 08:13:00,0,0,0.551150739587388
495,45.37,A,0,2024-01-01 08:14:00,0,0,0.4120036979369404
496,64.033,B,0,2024-01-01 08:15:00,0,1,0.6390253989879331
497,22.529,C,1,2024-01-01 08:16:00,0,2,0.13415969248734916
498,44.966,A,0,2024-01-01 08:17:00,0,0,0.40708933437135075
499,20.138,A,0,2024-01-01 08:18:00,0,0,0.10507493188010901
500,27.574,C,1,2024-01-01 08:19:00,0,2,0.19552841572596344
